Instance,ProcessingTime,ReleaseDate
1,5,6
1,7,1
1,10,7
1,9,1
1,7,1
1,4,5
1,2,9
1,7,8
1,9,10
1,10,9
1,2,10
1,1,10
1,4,2
1,7,6
1,3,6
2,10,6
2,2,8
2,7,5
2,6,3
2,5,10
2,10,10
2,8,1
2,1,3
2,1,1
2,4,8
2,9,9
2,10,6
2,7,8
2,6,6
3,5,5
3,7,6
3,3,4
3,7,7
3,1,4
3,8,1
4,2,7
4,5,5
5,6,6
6,1,24
6,6,2
6,6,20
6,5,25
6,4,17
6,1,25
6,2,21
6,5,16
6,2,7
6,7,3
6,8,2
6,1,18
6,1,22
7,8,3
7,3,19
7,2,10
7,3,17
7,6,15
7,6,11
7,3,5
7,8,15
8,4,16
8,10,15
8,1,20
8,4,4
8,7,7
8,2,13
8,7,14
8,4,23
8,1,23
8,3,21
9,9,6
9,1,13
9,6,8
9,1,22
9,10,15
9,6,18
9,9,11
9,3,14
9,3,18
9,5,24
9,3,19
9,4,14
10,9,15
10,6,21
10,6,3
10,9,6
11,5,8
11,1,3
11,9,45
11,6,2
11,8,15
11,4,8
11,5,39
11,3,26
11,9,33
11,10,31
11,3,36
11,3,32
11,8,28
11,7,11
12,7,8
12,4,26
12,1,13
12,1,1
12,4,39
12,10,33
12,3,18
13,9,25
13,1,44
13,9,9
13,5,8
13,7,1
13,3,24
13,3,44
14,8,7
14,5,14
14,3,14
15,7,34
15,4,4
15,6,7
15,1,3
15,10,48
15,1,3
15,10,11
16,25,6
16,20,6
16,20,3
16,6,4
16,7,2
16,6,5
16,20,3
16,2,10
17,7,7
17,3,2
18,9,8
19,4,8
19,1,1
19,12,6
19,6,9
19,5,9
20,21,10
21,12,23
21,8,1
21,9,13
21,1,20
21,10,16
21,13,13
21,20,25
21,22,22
21,18,11
21,22,2
21,4,24
22,22,2
22,13,1
22,10,18
22,2,16
22,22,10
22,20,5
22,17,2
22,22,13
22,24,15
23,14,15
23,11,13
24,8,12
24,1,24
24,18,23
24,3,24
24,13,12
24,10,24
25,4,24
25,13,20
26,12,33
27,20,1
27,3,34
27,20,49
27,17,36
27,19,49
27,22,18
27,6,17
27,15,34
27,4,30
27,17,31
27,15,2
27,1,35
27,4,46
28,19,35
28,9,13
28,22,3
29,24,21
29,1,40
30,15,33
30,11,7
30,3,12
30,17,27
30,11,21
30,19,1
30,4,15
30,10,41
30,24,18
30,19,29
30,25,7
31,6,3
32,19,8
32,22,1
32,40,6
32,22,3
32,49,7
32,41,1
32,21,10
32,22,9
32,3,9
33,47,7
33,50,5
33,23,3
33,19,1
33,42,3
33,26,9
33,24,8
33,22,1
33,34,3
33,26,1
33,14,2
34,8,10
34,25,6
34,29,7
34,42,3
34,41,10
34,27,6
34,9,7
34,18,2
35,8,3
35,1,9
35,44,6
35,20,10
35,15,1
35,18,3
35,49,9
35,43,2
35,5,9
35,27,7
36,26,18
36,45,8
36,22,8
36,1,15
37,4,13
37,41,8
37,45,20
37,28,4
37,24,6
38,2,10
38,22,2
38,7,6
38,16,11
38,14,2
38,12,24
38,21,7
39,48,25
39,37,22
39,6,5
39,28,24
39,4,20
39,43,13
39,19,12
40,30,7
40,30,1
40,36,23
40,22,14
40,1,16
40,41,18
40,32,8
40,33,21
40,13,20
40,28,13
40,24,12
40,3,16
40,47,1
40,35,13
41,32,32
41,37,45
41,14,11
41,29,40
41,26,7
41,45,13
42,1,47
42,21,48
42,37,50
42,24,15
42,22,13
42,32,49
42,50,37
42,46,13
42,2,41
43,41,7
43,30,5
43,4,7
43,16,30
43,32,11
43,34,7
43,41,11
44,29,6
44,26,36
44,10,11
45,35,10
45,38,1
45,47,12
45,21,42
45,18,44
45,29,7
45,11,28
45,1,6
46,7,1
46,7,2
46,9,10
46,10,9
46,9,4
46,6,1
46,6,3
46,8,9
46,4,2
46,3,5
46,4,6
46,6,2
47,8,8
47,6,5
47,5,5
47,9,3
47,5,3
47,5,6
47,4,8
47,10,9
47,9,4
47,10,9
47,3,8
47,8,2
47,5,6
47,6,6
47,6,1
47,2,1
47,7,4
47,6,9
47,6,5
47,5,7
47,3,9
47,2,3
47,7,4
47,8,3
47,9,6
47,5,9
47,10,4
47,7,6
47,1,2
47,4,1
47,4,7
47,4,4
47,9,8
47,8,8
47,10,5
47,9,3
47,2,10
47,7,8
47,6,6
47,4,2
47,6,5
47,5,10
47,1,7
47,2,3
47,10,10
47,8,4
47,10,8
48,7,3
48,7,6
48,4,7
48,9,2
48,6,8
48,7,1
48,1,5
48,6,1
48,4,10
48,2,2
48,8,5
48,1,9
48,1,1
48,7,9
48,3,5
48,2,5
48,2,4
48,2,7
48,8,8
48,2,8
48,4,5
48,9,10
48,4,3
48,5,1
48,5,9
48,7,8
48,1,1
48,2,2
48,1,10
48,7,9
48,9,1
48,3,10
48,3,8
48,7,10
48,9,9
48,3,9
48,1,4
48,2,1
48,2,8
48,3,2
48,9,8
49,4,6
49,10,8
49,1,7
49,9,6
49,1,7
49,1,4
49,10,2
49,2,1
49,2,3
49,2,5
49,9,6
49,6,1
49,8,3
49,5,7
49,4,5
49,8,5
49,5,3
49,8,9
49,8,8
49,9,8
49,8,8
49,6,6
49,2,9
49,10,1
49,10,4
49,6,9
49,7,8
49,8,4
49,2,6
49,7,10
49,4,1
49,6,5
49,6,1
49,1,4
49,1,8
49,1,4
49,8,3
49,6,9
49,4,7
50,7,9
50,5,4
50,8,10
50,6,6
50,5,2
50,6,1
50,10,4
50,7,9
50,6,10
50,2,5
50,5,9
51,2,15
51,6,7
51,4,14
51,9,6
51,3,24
51,4,8
51,9,9
51,6,1
51,4,15
51,8,22
51,3,22
51,4,7
51,7,23
51,2,25
51,4,19
51,4,13
51,10,19
51,9,3
51,2,4
51,4,17
51,1,4
51,6,10
51,3,16
51,5,25
51,2,5
51,8,16
51,9,23
51,4,14
51,10,8
51,3,20
51,7,22
51,10,11
51,9,7
51,10,9
51,5,19
51,5,4
51,6,2
51,10,15
51,2,8
51,1,25
51,8,9
51,4,4
51,9,21
51,4,24
51,3,19
51,3,6
52,4,13
52,4,1
52,1,15
52,9,9
52,10,1
52,3,23
52,8,4
52,7,22
52,8,16
52,2,9
52,7,20
52,8,15
52,9,18
52,9,25
52,2,20
52,10,8
52,4,8
52,1,3
52,7,24
52,10,14
52,4,10
52,7,21
52,4,12
52,8,24
52,3,24
52,4,24
52,4,24
52,9,5
52,2,11
52,10,2
52,10,15
52,8,22
52,8,9
52,10,13
52,10,2
52,3,19
52,5,19
52,5,9
52,9,14
52,1,24
52,1,5
53,8,25
53,1,4
53,2,5
53,5,16
53,5,14
53,3,10
53,10,24
53,8,18
53,5,16
53,4,6
53,6,25
53,9,15
53,2,24
53,1,16
53,4,2
53,2,15
53,9,6
53,5,1
53,9,22
53,8,25
54,4,19
54,8,12
54,1,9
54,3,22
54,4,20
54,7,13
54,10,13
54,2,18
54,1,10
54,3,21
54,2,7
54,1,3
54,6,4
54,3,24
54,1,21
54,6,11
54,6,24
54,8,21
54,5,18
54,10,25
54,6,8
54,3,20
55,3,14
55,1,18
55,9,24
55,3,13
55,4,10
55,2,8
55,4,19
55,5,9
55,5,10
55,1,4
55,3,21
55,2,16
55,9,21
55,5,22
56,8,20
56,10,1
56,3,47
56,7,45
56,10,47
56,3,43
56,9,8
56,2,41
56,6,16
56,1,7
56,3,18
56,3,8
56,7,42
56,10,11
56,5,12
56,2,47
56,4,25
56,5,11
56,7,29
56,2,23
56,4,47
56,5,9
56,10,47
56,10,47
56,4,36
56,10,42
56,4,15
56,5,29
56,2,41
56,6,1
56,4,28
56,6,40
56,6,27
56,2,34
56,6,25
57,5,25
57,10,38
57,7,47
57,7,1
57,3,20
57,4,17
57,2,44
57,9,20
57,5,3
57,10,50
57,5,13
57,8,43
57,1,4
57,5,38
57,8,12
57,5,7
57,9,12
57,4,20
57,8,1
57,9,41
57,9,12
57,8,9
57,5,28
57,3,28
57,9,22
57,4,41
57,1,29
57,10,5
57,4,20
58,3,22
58,10,50
58,8,50
58,3,14
58,2,49
58,6,13
58,7,19
58,6,27
58,8,36
58,7,21
58,8,17
58,7,23
58,2,30
58,6,40
58,4,18
58,3,16
58,2,39
58,7,17
58,4,36
58,2,27
58,7,9
58,10,32
58,7,35
58,1,38
58,10,14
58,5,46
58,6,47
58,9,48
58,2,14
58,6,47
59,7,25
59,2,9
59,5,6
59,3,26
59,7,16
60,3,37
61,2,10
61,23,3
61,16,4
61,25,3
61,4,4
61,22,3
61,14,9
61,11,6
61,21,2
61,18,8
61,5,10
61,19,8
61,19,5
61,18,3
61,15,3
61,4,10
61,23,5
61,23,8
61,3,5
61,22,1
61,23,7
61,16,6
62,7,5
62,21,6
62,8,6
62,18,9
62,17,6
62,21,1
62,4,9
62,5,10
62,3,9
62,5,3
62,21,5
62,15,8
62,16,1
62,18,2
62,1,1
62,2,4
62,4,8
62,9,2
62,14,3
62,4,8
62,11,5
62,4,5
62,23,6
62,4,5
62,15,5
62,12,1
62,3,5
62,14,10
62,10,7
62,14,8
62,24,7
62,22,5
62,9,10
62,10,6
62,24,8
62,4,2
62,14,4
62,6,4
62,15,4
62,14,4
62,12,9
62,1,6
63,12,3
63,20,5
63,10,3
63,10,9
63,16,5
63,15,9
63,24,2
63,21,10
63,4,8
63,15,4
63,10,2
63,1,9
63,23,3
63,7,7
63,17,5
63,10,4
64,23,7
64,17,7
64,18,2
64,11,6
64,16,7
64,8,5
64,21,3
64,13,5
64,19,9
64,9,6
64,12,9
64,19,4
64,4,4
64,24,6
64,25,5
64,25,3
64,21,7
64,4,4
64,2,6
64,18,3
64,21,10
64,14,5
64,19,8
64,16,4
64,8,9
64,25,8
64,1,3
64,10,4
64,13,8
64,9,1
64,9,4
64,13,5
64,14,2
64,18,3
65,2,8
65,25,5
65,25,7
65,24,2
65,5,8
65,10,4
65,12,8
65,25,4
65,21,1
65,19,7
65,25,2
65,2,2
65,25,7
65,16,9
65,19,1
65,23,7
65,14,9
65,14,3
65,7,2
65,6,8
65,7,8
65,8,1
65,17,1
65,14,6
65,10,4
65,15,7
65,17,6
65,15,7
66,10,8
66,6,1
66,4,20
66,22,22
66,20,12
66,13,12
66,9,19
66,18,17
66,15,15
66,24,3
66,10,22
66,10,1
66,10,21
66,17,8
66,21,5
66,15,16
66,19,2
66,5,8
66,11,4
66,16,10
66,25,12
66,25,11
66,16,22
66,25,5
66,4,12
66,12,1
66,11,18
66,6,12
66,15,21
66,12,17
66,2,8
66,13,3
66,9,3
66,14,20
66,17,3
66,16,7
66,12,16
66,23,19
66,21,2
66,9,25
66,20,1
66,1,21
66,20,19
66,3,20
66,5,22
66,5,25
66,16,21
67,25,17
67,8,22
67,11,18
67,11,20
67,18,19
67,7,7
67,10,23
67,19,11
67,10,17
67,18,14
67,4,18
67,13,9
67,25,22
67,5,1
67,10,11
67,16,23
67,21,25
67,2,17
67,11,23
67,20,21
67,13,20
67,24,14
67,17,1
67,22,6
67,3,6
67,22,13
67,19,20
67,22,3
67,14,3
67,25,15
67,8,24
67,13,15
67,20,22
67,8,3
67,17,11
67,10,9
67,3,5
67,10,6
67,22,11
67,9,11
67,21,22
67,23,22
67,12,2
67,25,13
68,22,20
68,14,3
68,5,6
68,12,11
68,6,10
68,16,23
68,11,13
68,2,10
68,3,15
68,7,2
68,6,3
68,9,11
68,21,23
68,5,25
68,14,5
68,18,8
68,9,10
68,5,7
68,19,7
68,15,1
68,5,6
68,13,14
68,24,11
68,11,13
68,16,24
68,24,13
68,2,12
68,17,10
68,1,6
68,20,6
68,2,3
68,11,9
68,9,12
68,13,23
68,1,22
68,6,25
68,4,11
68,13,13
68,4,16
68,7,9
68,6,20
68,17,2
69,5,22
69,25,24
69,14,9
69,17,5
69,7,5
69,2,12
69,5,8
69,18,16
69,13,15
69,7,7
69,18,19
69,25,14
69,24,13
69,19,3
69,11,23
69,25,9
69,2,19
69,14,17
69,14,19
69,6,10
69,21,10
69,12,2
69,9,11
69,6,22
69,16,22
69,16,12
69,15,18
69,9,9
70,21,23
70,16,19
70,12,8
70,8,9
70,2,4
70,1,8
70,3,3
70,12,10
70,4,6
70,10,4
70,22,7
70,20,8
70,22,17
70,6,21
70,20,11
70,21,9
70,3,6
70,15,23
70,3,10
70,6,13
70,8,22
70,24,18
70,2,2
70,12,14
70,19,7
70,16,10
70,14,15
70,11,9
70,2,1
70,9,10
70,3,7
70,22,19
70,19,18
70,24,25
70,22,11
70,8,2
70,15,17
70,6,15
70,25,9
70,20,3
70,1,12
70,14,16
70,20,17
70,14,20
70,11,8
70,20,12
70,9,15
70,7,2
70,13,13
71,10,14
71,24,21
71,19,37
71,11,28
71,22,40
71,1,22
71,21,11
71,11,2
71,12,33
71,6,44
71,25,22
71,25,14
71,2,1
71,15,24
71,23,11
71,22,10
71,14,38
71,15,3
71,25,11
71,11,6
71,22,33
71,13,30
71,15,22
71,5,2
71,21,24
72,18,14
72,13,14
72,22,5
72,14,7
72,24,15
72,7,12
72,14,11
72,4,8
72,6,17
72,3,15
72,10,7
72,10,25
72,9,36
72,11,17
72,20,17
72,6,50
72,25,7
72,7,8
72,9,45
72,14,38
72,12,12
72,4,18
72,25,5
72,6,29
72,24,19
72,14,9
72,21,35
73,16,2
73,15,49
73,6,44
73,17,32
73,9,30
73,9,37
73,21,7
73,12,14
73,22,36
73,15,3
73,4,40
73,25,9
73,19,48
73,25,18
73,12,33
73,19,31
73,18,29
73,14,29
73,2,45
73,12,27
73,1,44
73,13,12
74,15,50
74,14,31
74,21,7
74,8,18
74,4,15
74,18,44
74,5,3
74,12,34
74,5,1
74,15,37
74,22,46
74,9,32
74,2,1
74,18,18
74,24,31
74,24,10
74,12,18
75,25,34
75,14,25
75,21,14
75,19,24
75,16,4
75,5,1
75,19,22
75,10,13
75,24,31
75,3,25
75,23,16
75,11,35
75,7,29
75,16,41
75,24,1
75,4,11
75,1,35
75,25,39
75,3,33
75,8,23
75,24,4
75,13,12
75,24,40
75,7,27
75,11,20
75,23,22
75,21,5
75,13,49
75,10,27
75,19,27
75,7,6
75,5,46
75,10,28
75,1,50
75,25,17
75,22,47
75,12,31
75,4,2
75,9,48
75,1,15
75,18,32
75,8,17
75,22,26
75,25,6
75,21,34
75,24,28
76,38,7
76,32,8
76,24,3
76,5,3
76,33,10
76,46,7
76,44,4
76,11,10
76,34,2
76,24,2
76,45,1
76,9,3
76,24,7
76,28,9
76,7,3
76,50,6
76,34,5
76,29,5
76,27,7
76,19,5
76,11,7
76,31,2
76,20,5
76,14,4
76,21,2
76,16,5
76,50,6
76,47,7
76,19,6
76,28,8
76,1,9
76,2,9
76,9,1
76,35,5
76,2,6
76,40,10
76,47,6
76,20,10
76,15,3
76,50,1
76,10,9
76,49,3
76,36,10
76,36,3
76,22,7
76,49,4
76,39,2
77,40,4
77,46,4
77,32,9
77,21,4
77,17,3
77,11,6
77,47,6
77,49,9
77,5,3
78,7,6
78,5,1
78,26,2
78,34,8
78,2,4
78,27,8
78,6,10
78,44,8
78,28,6
78,43,5
78,45,6
78,26,2
78,17,7
78,45,9
78,14,7
78,35,7
78,23,6
78,23,8
78,41,6
78,21,10
78,13,4
78,46,7
78,29,9
78,36,1
78,7,9
78,24,2
78,21,10
78,28,6
78,31,6
78,4,4
78,5,3
79,4,2
79,30,3
79,50,3
79,9,1
79,3,9
79,20,10
79,9,5
79,18,4
79,37,6
79,7,2
79,42,1
79,41,1
79,1,6
79,46,6
79,34,7
79,29,10
79,29,7
79,41,2
79,2,9
79,29,7
79,21,6
79,6,3
79,16,4
79,10,9
79,44,9
79,36,8
79,43,7
79,31,2
79,23,4
79,8,1
79,9,9
79,29,3
79,10,9
79,43,3
79,27,1
79,47,5
79,15,7
79,12,5
79,32,8
79,6,3
79,8,7
80,45,9
80,14,2
80,27,6
80,41,7
80,47,10
80,6,8
80,26,1
80,30,1
80,5,1
80,49,5
80,36,7
80,9,4
80,31,2
80,14,2
80,9,7
80,23,3
80,32,3
80,12,6
80,43,5
80,1,4
80,49,4
80,16,7
80,28,1
80,11,3
80,4,9
80,5,10
80,49,10
80,17,5
80,41,6
80,43,4
80,24,6
80,4,3
80,47,9
80,27,1
80,9,9
80,2,1
80,43,10
80,13,3
80,12,2
80,32,5
80,13,4
80,11,9
81,49,17
81,9,6
81,24,7
82,29,15
83,5,18
83,25,22
83,46,20
83,27,4
83,33,20
83,25,20
83,8,10
83,36,14
83,40,17
83,33,15
83,8,4
83,5,20
83,10,6
83,13,1
83,6,18
83,25,6
83,14,1
83,24,9
83,32,22
83,46,21
83,19,8
83,20,11
83,38,9
83,13,10
83,18,10
83,48,11
83,14,3
83,14,8
83,41,17
83,22,19
83,40,18
83,36,19
83,5,13
83,30,23
83,26,8
83,34,23
83,8,9
83,27,25
83,44,17
83,24,3
83,10,2
83,9,13
83,37,19
83,20,19
83,48,10
84,48,10
84,38,1
84,3,11
84,10,22
84,50,15
84,49,22
84,19,12
85,31,23
85,30,24
85,31,16
85,28,22
85,29,21
85,49,11
85,14,15
85,3,25
85,18,4
85,38,13
85,7,25
85,21,8
85,43,1
85,6,11
85,46,9
85,30,21
85,47,14
85,5,10
85,47,3
86,16,4
86,42,24
86,31,20
86,12,43
86,1,13
86,37,46
86,12,30
86,4,24
86,33,19
86,6,28
86,12,23
86,26,44
86,48,23
86,47,45
86,39,25
86,14,35
86,15,28
87,12,30
87,10,33
87,26,34
87,23,45
87,36,29
87,22,32
87,4,13
87,26,33
87,37,20
87,34,40
87,24,45
87,7,31
87,49,14
87,7,6
87,5,21
87,1,10
87,30,19
87,30,36
87,1,9
87,8,36
88,26,5
88,40,5
88,45,24
88,37,16
88,31,25
88,39,50
88,19,25
88,25,38
88,21,43
88,47,13
88,16,38
88,42,7
88,17,32
88,2,20
88,35,9
88,37,9
88,25,16
88,17,43
88,5,40
88,32,50
88,37,23
89,45,39
89,48,27
89,6,28
89,24,36
89,12,23
89,44,42
89,9,48
89,11,24
89,34,16
89,34,1
89,28,12
89,44,15
89,37,11
89,17,28
89,43,30
89,2,25
89,25,6
89,37,45
89,45,47
89,8,39
89,19,37
89,42,22
89,35,1
89,39,42
89,47,46
89,33,9
89,38,47
89,21,22
89,2,20
89,19,35
89,41,24
89,37,32
89,37,35
89,44,37
89,47,34
89,24,15
89,7,39
89,19,37
89,38,13
89,30,34
89,19,47
89,6,44
89,33,38
90,11,32
90,26,15
90,1,28
90,47,1
90,1,14
90,4,1
90,23,1
90,35,6
90,47,24
90,29,18
90,21,45
90,32,30
90,28,34
90,26,33
90,39,37
90,15,24
90,5,25
90,46,7
90,49,10
90,12,32
90,34,10
90,36,40
90,48,21
90,1,5
90,39,34
90,39,50
90,32,8
90,13,12
90,27,12
90,25,50
90,6,21
90,18,39
90,19,46
90,6,35
90,31,45
90,8,21
90,3,9
90,37,35
91,3,8
91,7,7
91,10,6
91,8,9
91,6,8
91,8,2
91,8,7
91,6,5
91,10,5
91,5,9
91,10,3
91,5,1
91,5,2
91,6,1
91,3,3
91,7,3
91,6,6
91,9,4
91,3,8
91,10,2
91,4,3
92,6,1
92,6,4
92,2,10
92,6,2
92,3,7
92,5,4
92,5,5
92,4,9
92,9,5
92,7,8
92,6,1
92,2,10
92,9,6
92,1,3
92,9,8
92,5,1
92,5,9
92,6,4
92,10,2
92,8,1
92,5,9
92,5,1
92,9,3
92,7,8
92,5,1
92,6,6
92,3,10
92,2,1
92,4,6
92,10,5
92,10,7
92,2,2
92,8,6
92,7,1
92,5,8
92,4,9
92,2,9
92,5,8
92,7,10
92,7,9
92,9,8
93,5,10
93,10,9
93,10,10
93,5,1
93,7,9
93,1,3
93,9,10
93,5,6
93,1,2
93,4,7
93,6,2
94,8,7
94,4,7
94,1,1
94,5,3
94,4,2
94,1,4
94,8,1
94,3,9
94,1,9
94,8,1
94,10,3
94,4,1
94,2,4
94,2,9
94,5,1
94,7,6
94,10,2
94,10,10
94,3,5
94,2,2
94,6,6
94,6,5
94,1,9
94,9,10
94,2,8
94,4,7
94,1,9
94,4,9
94,5,8
94,9,9
94,7,2
94,2,4
94,9,10
94,8,5
94,10,8
94,10,4
94,1,3
94,2,2
94,10,1
94,2,5
94,10,6
94,10,2
94,2,1
94,9,8
94,9,10
94,3,7
94,5,5
94,9,5
94,1,8
94,2,7
94,10,6
94,9,2
94,3,8
94,7,4
94,6,10
94,6,2
94,3,10
94,5,10
94,8,4
94,4,6
94,6,4
94,5,4
94,4,8
94,9,9
94,1,1
94,2,7
94,3,8
94,10,10
94,10,7
94,9,5
94,6,10
94,10,3
94,3,1
95,3,1
95,1,2
95,7,2
95,6,6
95,10,6
95,7,3
95,9,7
95,2,6
95,5,5
95,8,3
95,3,2
95,3,6
95,8,9
95,3,6
95,6,6
95,3,1
95,10,10
95,2,9
95,6,7
95,9,3
95,2,8
95,6,1
95,7,6
95,1,9
95,10,7
95,5,4
95,2,4
95,1,7
95,8,3
95,3,1
95,8,6
95,9,1
95,9,10
95,5,4
95,2,3
95,3,6
95,4,1
95,6,3
95,2,8
95,9,10
95,3,5
95,5,7
95,2,3
95,8,5
95,8,5
95,6,1
95,3,7
95,1,3
95,8,7
95,2,7
95,5,6
95,7,5
95,9,1
95,8,5
95,5,7
95,4,5
95,1,5
95,9,4
95,5,1
95,4,10
95,3,2
95,6,4
95,5,1
95,1,3
95,4,4
95,3,7
95,6,9
95,8,5
95,3,10
95,8,8
95,2,8
95,10,5
95,8,1
95,10,9
95,2,1
95,6,5
95,10,8
95,6,5
95,10,7
95,5,7
95,10,8
96,9,18
96,2,14
96,7,9
96,8,1
96,1,24
96,7,17
96,8,11
96,5,15
96,4,25
96,2,22
96,10,17
96,5,3
96,5,2
96,2,16
96,6,17
96,9,18
96,7,15
96,4,7
96,10,10
96,2,2
96,6,22
96,5,14
96,8,10
96,10,10
96,1,11
96,1,16
96,10,19
96,2,6
96,6,12
96,4,7
96,10,17
96,6,10
96,10,13
96,1,24
96,4,3
96,4,16
96,9,9
96,4,11
96,3,19
96,9,11
96,1,5
96,4,6
96,4,17
96,7,3
96,7,21
96,7,19
96,7,7
96,9,5
96,3,5
96,5,4
96,8,22
96,1,11
96,4,1
96,7,3
96,5,7
96,3,2
96,5,20
96,5,17
96,8,17
96,3,5
96,10,15
96,1,10
96,10,8
96,8,22
96,2,10
96,3,22
96,4,19
96,3,17
96,4,24
96,1,12
96,4,14
96,5,20
96,5,19
97,1,1
97,8,19
97,9,18
97,2,19
97,2,14
97,3,25
97,6,14
97,7,13
97,7,19
97,7,4
97,9,14
97,2,11
97,5,24
97,1,2
97,10,11
97,3,12
97,3,18
97,8,22
97,3,5
97,10,19
97,7,6
97,4,15
97,7,25
97,5,18
97,9,11
97,10,8
97,5,18
97,6,14
97,1,11
97,4,9
97,10,22
97,10,5
97,3,19
97,6,13
97,7,24
97,7,25
97,1,5
97,4,7
97,5,1
97,2,12
97,7,21
97,1,14
97,5,9
97,7,11
97,10,11
97,9,9
97,9,9
97,10,9
97,7,16
97,1,20
97,7,20
97,2,21
97,1,20
97,1,4
97,2,13
97,3,15
97,8,22
97,2,14
97,2,12
97,5,23
97,6,9
98,1,4
98,9,1
98,7,3
98,5,6
98,3,12
98,8,20
98,10,3
98,4,14
98,7,19
98,4,21
98,9,17
98,6,14
98,2,18
98,9,21
98,1,15
98,1,16
98,6,25
98,2,23
98,9,17
98,7,6
98,9,7
98,10,4
98,2,16
98,6,22
98,3,22
98,7,9
98,3,17
98,10,13
98,4,7
98,5,22
98,4,9
98,8,17
98,2,13
98,10,10
98,9,13
98,9,2
98,1,18
98,7,5
98,9,18
98,8,14
98,6,20
98,10,18
98,5,17
98,10,3
98,5,13
98,2,7
98,2,6
98,3,20
98,5,9
98,1,7
98,5,7
98,1,16
98,7,21
98,1,4
98,7,2
98,7,6
98,8,6
98,7,11
98,5,4
98,4,17
98,9,21
98,2,24
98,2,11
98,1,2
98,5,19
98,9,18
98,3,7
98,5,8
98,7,24
98,1,8
98,6,11
98,5,25
98,5,18
98,10,3
98,8,10
98,7,11
98,5,5
98,8,25
98,2,9
98,1,20
98,1,6
98,9,4
98,4,11
98,1,24
98,10,4
98,2,22
98,8,25
98,5,6
98,2,17
98,9,16
98,3,16
99,1,14
99,5,14
99,8,14
99,8,4
99,6,7
99,4,6
99,1,17
99,10,2
99,9,8
99,1,1
99,1,9
99,1,19
99,6,23
99,5,15
99,3,25
99,8,12
99,7,5
99,8,21
99,9,5
99,3,20
99,1,17
99,7,25
99,1,3
99,6,9
99,5,7
99,9,17
99,3,14
99,6,21
99,10,11
99,5,22
99,6,15
99,1,21
99,6,22
99,5,11
99,6,18
99,1,19
100,7,3
100,8,4
100,3,19
100,5,24
100,9,12
100,1,3
100,8,21
100,9,1
100,4,16
100,7,4
100,6,18
100,1,8
100,2,21
100,7,1
100,4,21
100,5,9
100,2,1
100,8,16
100,6,7
100,2,18
100,5,9
100,2,25
100,8,16
100,7,15
100,5,4
100,7,12
100,7,19
100,5,17
100,1,14
100,3,14
100,1,8
100,5,5
100,6,17
100,3,21
100,8,17
100,4,24
100,3,16
101,9,3
101,4,13
101,9,28
101,7,50
101,9,17
101,5,21
101,2,34
101,7,26
101,8,14
101,4,1
101,1,41
101,3,35
101,8,35
101,2,8
101,2,29
101,9,11
101,1,20
101,8,40
101,8,3
101,5,30
101,1,35
101,7,44
101,7,4
101,10,49
101,1,2
101,4,34
101,4,49
101,5,37
101,2,24
101,5,47
101,1,22
101,6,37
101,3,15
101,4,10
101,2,21
101,5,19
101,6,27
101,9,3
101,9,41
101,9,3
101,9,14
101,3,11
101,9,42
101,6,3
101,10,27
101,10,41
101,1,45
101,7,7
101,6,18
101,1,25
101,2,4
101,1,4
101,6,40
101,10,47
101,4,32
101,1,44
101,4,5
101,2,19
101,1,41
101,3,49
101,5,37
101,9,32
101,2,44
101,8,31
101,6,21
101,10,26
101,3,27
101,7,50
101,8,26
101,4,26
101,3,2
101,3,14
101,9,14
101,5,12
101,1,40
101,7,6
101,8,32
101,6,42
101,5,50
101,2,2
101,6,35
101,4,38
101,7,14
101,2,15
101,1,10
101,5,11
101,7,23
101,10,33
102,2,21
102,7,34
102,6,26
102,7,47
102,10,28
102,6,35
102,8,42
102,9,8
102,5,28
102,6,21
102,10,35
102,10,27
102,8,27
102,10,43
102,2,14
102,7,17
102,9,27
102,2,4
102,2,35
102,6,38
102,7,14
102,7,38
102,1,42
102,4,6
102,4,19
102,5,20
102,5,11
102,1,8
102,2,4
102,5,31
102,1,41
102,10,37
102,5,37
102,4,48
102,2,44
102,9,23
102,6,46
102,10,32
102,8,40
102,10,7
102,7,6
102,1,42
102,7,10
102,5,17
102,1,41
102,7,34
102,8,48
102,10,13
102,7,24
102,9,29
102,9,32
102,9,49
102,6,6
102,1,7
102,10,3
102,4,17
102,2,8
102,9,24
102,7,18
102,8,27
102,8,4
102,8,29
102,6,3
102,10,41
102,1,12
102,4,22
102,8,37
102,7,15
102,7,8
102,8,25
102,3,18
102,5,6
102,4,50
102,2,35
102,10,47
102,8,18
102,2,42
102,4,31
102,2,25
102,5,33
102,4,49
102,7,44
102,4,35
102,3,50
102,2,34
103,10,50
103,7,31
103,7,42
103,8,45
103,7,26
103,7,45
103,5,15
103,6,49
103,1,31
103,7,33
103,3,25
103,10,6
103,2,39
103,3,32
103,8,41
103,8,48
103,5,39
103,2,28
103,10,23
103,10,28
103,7,47
103,6,12
103,1,46
103,7,19
103,5,25
103,8,10
103,3,12
103,1,10
103,2,39
103,8,3
103,6,18
103,4,18
103,6,15
103,3,11
103,6,38
103,1,29
103,4,50
103,2,44
103,2,30
103,8,44
103,2,42
103,5,21
103,5,46
103,1,33
103,6,10
103,2,15
103,9,34
103,10,43
103,9,18
103,10,48
103,2,9
103,2,42
103,2,34
103,2,43
103,5,8
103,8,25
103,1,5
103,3,10
103,2,25
103,4,23
103,6,50
103,1,11
103,3,50
103,2,12
103,5,34
103,8,7
103,2,48
103,6,37
103,5,25
103,9,9
103,1,42
103,2,42
103,7,18
103,7,12
103,2,12
103,8,21
103,6,1
103,2,19
103,5,45
103,7,49
103,9,35
103,5,41
103,3,37
103,7,50
103,4,12
103,4,29
103,8,10
103,10,1
103,7,21
103,10,5
103,9,15
103,9,19
104,6,48
104,6,30
104,9,2
104,10,39
104,4,26
104,6,40
105,4,8
105,4,47
105,4,1
105,7,6
105,9,36
105,7,13
105,9,6
105,7,18
105,5,23
105,2,36
105,1,5
105,7,33
105,5,24
105,4,37
105,2,41
105,5,34
105,8,10
105,10,39
105,2,2
105,5,49
105,5,15
105,7,47
105,10,26
105,8,48
105,6,20
105,2,39
105,3,18
105,3,30
105,7,7
105,4,29
105,2,38
105,8,26
105,1,35
105,9,40
105,2,8
105,7,25
105,2,1
105,10,2
105,8,32
105,6,29
105,2,34
105,1,5
105,8,5
105,2,49
105,1,6
105,10,13
106,13,8
106,7,10
106,14,6
106,15,4
106,15,2
106,12,6
106,9,10
106,17,1
106,6,6
106,2,9
106,25,9
106,17,8
106,8,5
106,5,3
106,2,4
106,10,9
106,1,9
106,1,8
106,23,10
106,21,8
106,22,8
106,17,9
106,21,6
106,10,3
106,22,3
106,24,2
106,15,7
106,9,2
106,21,5
106,15,6
106,14,10
106,3,2
106,7,9
106,16,7
106,16,9
106,8,5
106,25,10
106,9,1
106,9,6
106,18,10
106,25,9
106,7,9
106,21,1
106,2,6
106,24,2
106,3,7
106,8,4
106,22,8
106,25,6
106,13,3
106,3,9
106,21,4
106,20,1
106,11,9
106,2,10
106,8,9
106,14,10
106,3,8
106,22,4
106,9,5
106,4,3
106,6,10
106,3,6
106,5,8
106,16,5
106,13,5
106,10,6
106,12,2
106,13,8
106,4,7
106,5,5
106,9,7
106,15,9
106,7,5
106,10,1
106,2,9
106,2,8
106,17,5
106,15,5
106,24,4
106,17,3
106,23,7
106,7,8
106,8,10
106,25,2
106,10,4
106,5,3
106,21,7
106,20,3
106,24,6
106,6,7
106,5,6
106,2,10
106,15,6
106,11,3
106,4,6
107,20,2
107,15,8
107,13,9
107,18,1
107,2,9
107,3,1
107,5,6
107,12,10
107,2,1
107,10,1
107,16,5
107,6,1
107,23,1
107,24,8
107,4,5
107,25,4
107,20,2
107,12,3
107,17,4
107,2,10
107,22,1
107,4,9
107,2,5
107,1,1
107,9,5
107,4,2
107,10,1
107,3,4
107,9,4
107,11,3
107,10,8
107,23,5
107,2,9
107,20,10
107,10,2
107,4,4
107,6,7
107,14,8
107,4,9
107,5,3
107,10,5
107,10,1
107,24,3
107,1,4
107,18,10
107,7,9
108,17,4
108,7,7
108,9,3
108,23,10
108,14,10
108,1,1
108,8,7
108,16,2
108,12,2
108,15,5
108,8,6
108,6,6
108,3,8
108,25,6
108,1,10
108,11,9
108,9,3
108,10,2
108,16,10
108,3,8
108,25,7
108,24,4
108,13,5
108,4,1
108,10,1
108,2,8
108,18,2
109,1,2
109,17,2
109,15,5
109,10,7
109,10,2
109,15,2
109,2,6
109,22,6
109,3,2
109,15,4
109,13,3
109,18,2
109,4,1
109,25,4
109,8,4
109,8,9
109,10,8
109,18,3
109,11,2
109,20,7
109,13,6
109,25,5
109,8,4
109,8,9
109,15,10
109,17,2
109,8,6
109,19,7
109,15,8
109,10,3
109,12,4
109,19,10
109,10,4
109,8,2
109,25,5
109,10,8
109,25,1
109,15,6
109,1,1
109,2,1
109,2,3
109,2,9
109,20,9
109,16,4
109,2,5
109,10,6
109,12,10
109,12,2
109,1,6
109,18,8
109,24,6
109,4,6
110,19,6
110,22,3
110,18,9
110,15,1
110,1,8
110,3,6
110,19,2
110,23,2
110,24,4
110,2,9
110,25,7
110,20,4
110,23,7
110,9,8
110,17,9
110,10,5
110,1,9
110,15,7
110,9,9
110,21,8
110,22,7
110,17,3
110,2,4
110,15,2
110,17,4
110,3,10
110,22,1
110,10,8
110,22,6
110,20,3
110,23,10
110,5,5
110,2,3
110,11,4
110,4,5
110,9,4
110,6,2
110,5,7
110,18,4
110,19,1
110,24,4
110,24,2
110,19,8
110,12,7
110,21,3
110,4,7
110,16,10
110,9,4
110,17,5
110,22,3
110,20,10
110,14,1
110,19,7
110,13,3
111,24,13
111,8,15
111,24,12
111,16,8
111,5,20
111,8,10
111,11,4
111,21,21
111,19,9
111,8,20
111,4,10
111,21,10
111,16,12
111,15,21
111,4,10
111,1,2
111,6,16
111,9,23
111,11,5
111,12,4
111,16,22
111,6,7
111,19,7
111,17,10
111,20,12
111,6,21
111,20,19
111,16,21
111,4,15
111,8,11
111,3,5
111,18,10
111,17,16
111,5,12
111,20,17
111,20,4
111,13,13
111,4,16
111,3,7
111,23,6
111,17,9
111,11,1
111,11,19
111,15,7
111,9,14
111,19,21
111,21,20
111,7,9
111,10,14
111,22,20
111,4,9
111,15,1
111,10,19
111,14,16
111,6,8
111,16,10
111,19,1
111,25,22
111,21,11
111,21,16
111,7,8
111,10,14
111,5,24
111,22,2
111,17,8
111,3,21
111,13,12
111,9,16
111,19,2
111,12,23
111,6,12
111,23,6
111,11,7
111,24,21
111,14,20
111,7,22
111,2,24
111,23,17
111,12,6
111,20,8
111,20,23
111,13,24
111,15,20
111,14,21
111,17,9
111,18,24
111,23,5
111,24,23
111,5,8
111,12,12
111,12,25
111,10,3
111,12,7
111,7,24
111,15,25
111,20,1
111,17,9
111,23,13
111,10,9
111,20,2
112,6,6
112,18,24
112,22,7
112,10,23
112,4,21
112,5,15
112,15,5
112,19,2
112,13,14
112,8,12
112,24,1
112,22,8
112,16,19
112,18,3
112,15,7
112,25,6
112,1,7
112,2,6
112,5,20
112,21,21
112,5,22
112,25,11
112,10,24
112,7,16
112,22,16
112,25,15
112,20,23
112,16,16
112,12,20
112,5,7
112,4,17
112,4,6
112,3,19
112,3,1
112,3,11
112,24,25
112,14,22
112,21,8
112,14,6
112,16,10
112,25,19
112,24,4
112,18,15
112,3,24
112,19,12
112,23,9
112,21,13
112,21,11
112,25,2
112,7,21
112,16,21
112,17,9
112,7,3
112,17,15
112,22,24
112,21,18
112,24,21
112,2,3
112,20,23
112,6,19
112,16,7
112,8,5
112,17,23
112,2,14
112,23,11
112,12,4
112,19,23
112,5,17
112,15,22
112,3,23
112,23,4
112,11,25
112,9,9
112,5,13
112,19,17
112,2,19
112,16,12
112,2,5
113,5,9
113,6,7
113,2,6
113,7,5
113,2,12
113,6,24
113,16,2
113,18,9
113,1,7
113,20,15
113,2,11
113,1,7
113,21,12
113,19,22
113,19,8
113,3,8
113,22,1
113,22,8
113,9,14
113,17,1
113,1,2
113,15,6
113,6,10
113,19,21
113,17,21
113,8,18
113,22,23
113,17,19
113,16,16
113,2,18
113,7,25
113,3,2
113,15,16
113,6,18
113,8,9
113,2,22
113,25,8
113,19,16
113,15,15
113,3,12
113,8,25
113,19,13
113,13,18
113,4,23
113,9,22
113,13,6
113,7,3
113,18,13
113,6,12
113,3,10
113,4,13
113,22,3
113,8,3
113,17,15
113,20,9
113,21,16
113,22,1
113,13,13
113,13,21
113,14,18
113,25,17
113,8,1
113,2,8
113,16,18
113,18,3
113,17,4
113,13,5
113,18,17
113,7,24
113,13,15
113,1,23
113,4,18
113,19,8
113,17,16
113,12,23
113,17,15
113,5,9
113,2,5
113,11,25
113,11,8
114,25,14
114,6,18
114,4,11
114,8,15
114,7,12
114,14,21
114,24,3
114,9,25
114,5,6
114,12,3
114,6,3
114,12,7
114,3,10
114,19,16
114,18,18
114,17,18
114,15,22
114,6,2
114,8,18
114,24,5
114,4,12
114,15,24
114,9,17
114,12,6
114,16,22
114,16,1
114,3,9
114,18,11
114,6,19
114,25,23
114,19,4
114,4,17
114,22,11
114,17,11
114,14,11
114,17,25
114,13,14
114,5,13
114,7,6
114,25,24
114,5,24
114,15,1
114,9,10
115,12,14
115,8,14
115,15,25
115,9,25
115,7,10
115,20,22
115,21,17
115,24,10
115,22,19
115,25,17
115,16,8
115,14,11
115,20,24
115,23,18
115,19,17
115,15,6
115,6,4
115,8,24
115,15,12
115,22,1
115,2,10
115,5,25
115,16,24
115,16,10
115,18,10
115,18,25
115,22,10
115,14,12
115,14,20
115,23,15
115,9,17
115,15,7
115,9,3
115,12,6
115,19,6
115,11,12
115,5,15
115,18,4
115,12,21
115,23,9
115,9,1
115,22,13
115,24,10
115,13,7
115,14,21
115,2,17
115,18,4
115,21,8
115,8,5
115,11,4
115,3,11
115,15,9
115,22,13
115,25,7
115,9,1
115,5,2
115,23,20
115,21,11
115,9,6
115,11,5
115,13,25
115,10,8
115,10,4
115,7,5
115,2,20
115,17,21
115,25,15
115,12,20
115,6,14
115,20,16
115,5,17
115,11,25
115,20,1
115,9,16
115,14,22
115,24,14
115,23,16
115,6,1
115,7,17
115,19,21
115,14,25
115,25,23
115,19,4
115,23,13
115,21,17
115,12,10
115,8,2
115,6,7
115,14,1
116,12,6
116,5,47
116,21,18
116,22,3
116,24,22
116,8,20
116,25,11
116,1,12
116,18,21
116,4,49
116,10,15
116,8,14
116,4,11
116,19,27
116,10,45
116,3,9
116,1,36
116,12,29
116,25,45
116,8,8
116,9,12
116,19,11
116,15,50
116,18,10
116,4,45
116,14,20
116,25,6
116,20,10
116,6,25
116,5,9
116,5,9
116,19,8
116,4,14
116,5,39
116,15,6
116,20,13
116,2,32
116,17,10
116,10,11
116,4,4
117,2,41
117,11,43
117,5,2
117,10,49
117,21,2
117,24,11
117,5,28
117,21,26
117,2,35
117,8,48
117,22,26
117,24,14
117,11,11
117,17,9
117,1,35
117,17,1
117,4,20
117,2,25
117,11,50
117,11,14
117,16,27
117,8,21
117,12,36
117,4,22
117,6,42
117,22,21
117,21,1
117,11,40
117,11,2
117,24,42
117,9,1
117,1,34
117,19,19
117,11,32
117,8,15
117,21,36
117,16,37
117,23,41
117,2,6
117,17,33
117,8,21
117,15,30
117,20,26
117,15,48
117,21,16
117,2,44
117,9,13
117,11,27
117,8,8
117,10,41
117,17,6
117,8,10
117,4,23
117,11,46
117,16,46
117,18,47
117,7,47
117,18,41
117,13,42
117,8,2
117,6,45
117,18,8
117,21,11
117,4,36
117,7,47
117,25,37
117,12,38
117,25,8
117,1,23
117,7,30
117,10,32
117,6,50
117,20,11
117,22,6
117,9,31
117,21,50
117,23,30
117,11,4
117,2,31
117,6,2
117,17,3
117,18,40
117,2,39
118,1,15
118,1,19
118,8,25
118,4,34
118,4,27
118,8,47
118,19,9
118,19,32
118,5,39
118,11,26
118,25,15
118,13,5
118,22,30
118,21,40
118,13,47
118,9,50
118,9,29
118,14,38
118,2,41
118,25,48
118,6,7
118,12,26
118,14,17
118,24,37
118,17,7
118,22,33
118,6,35
118,16,19
118,4,25
118,24,11
118,4,5
119,4,39
119,20,44
119,5,19
119,23,16
119,1,25
119,11,35
119,5,5
119,9,49
119,22,44
119,24,32
119,15,7
119,4,10
119,1,31
119,17,18
119,6,1
119,10,11
119,7,42
119,22,39
119,13,41
119,16,40
119,24,6
119,7,42
119,5,40
119,7,40
119,21,36
119,3,22
119,3,23
119,6,23
119,13,29
119,18,47
119,23,22
119,11,13
119,24,19
119,16,3
119,6,30
119,22,31
119,8,10
119,23,27
119,7,14
119,14,12
119,25,9
119,1,27
119,6,42
119,15,2
119,15,33
119,4,5
119,16,13
119,24,31
119,11,12
119,6,42
119,23,7
119,14,13
119,13,17
119,15,11
119,16,34
119,2,4
119,1,36
119,19,23
119,25,35
119,24,8
119,7,43
119,17,46
119,14,24
119,2,46
119,25,3
119,1,30
119,3,8
119,2,23
119,25,30
119,11,46
119,9,32
119,20,4
119,21,17
119,19,44
119,9,18
119,17,8
120,9,31
120,2,49
120,22,8
120,8,25
120,10,38
120,6,49
120,14,42
120,7,4
120,9,45
120,5,3
120,14,25
120,7,18
120,12,30
120,16,3
120,16,13
120,19,9
120,22,37
120,12,21
120,10,46
120,10,12
120,24,25
120,4,48
120,18,28
120,7,9
120,6,49
120,22,32
120,22,33
120,4,23
120,16,4
120,12,46
120,4,45
120,11,16
120,15,1
120,23,6
121,31,8
121,17,1
121,17,10
121,22,2
121,48,6
121,50,6
121,3,2
121,31,7
121,34,4
121,2,3
121,23,9
121,28,9
121,19,9
121,17,1
121,45,8
121,36,3
121,11,8
121,19,3
121,50,2
121,23,3
121,14,3
121,10,1
121,29,3
121,33,9
121,35,9
121,2,6
121,39,2
121,40,2
121,43,5
121,46,7
121,13,2
121,20,9
121,25,7
121,35,10
121,9,8
121,24,9
121,8,5
121,37,1
121,2,3
121,14,8
121,28,2
121,38,8
121,47,2
121,26,7
121,1,9
121,6,4
121,31,7
121,19,2
121,13,8
121,30,2
121,12,9
121,40,9
121,14,3
121,26,9
121,42,8
121,11,9
121,42,7
121,41,4
121,2,6
121,15,5
121,31,4
121,10,2
121,50,10
121,19,4
121,25,6
121,41,4
121,38,10
121,48,5
121,15,9
121,15,5
121,18,6
121,37,4
121,37,7
121,23,2
121,2,3
121,11,6
121,43,2
121,46,1
121,5,2
121,8,5
121,7,9
121,5,6
121,6,5
121,10,8
121,26,5
121,30,2
121,42,10
121,22,6
121,40,3
121,28,6
121,10,6
121,18,6
121,1,7
121,49,6
121,30,4
121,44,4
122,20,8
122,48,8
122,20,8
122,5,3
122,47,10
122,48,3
122,18,7
122,2,8
122,25,6
122,1,3
122,9,5
122,28,5
122,44,4
122,7,4
122,9,8
122,47,9
122,25,1
122,17,7
122,34,7
122,43,10
122,25,10
122,32,7
122,9,5
122,39,10
122,46,3
122,20,7
122,47,2
122,26,10
122,15,3
122,5,3
122,28,6
122,44,6
122,12,8
122,38,6
122,2,2
122,13,6
122,44,6
122,30,6
122,6,8
122,23,6
122,5,3
122,28,7
122,25,6
122,37,8
122,30,7
122,7,9
122,47,10
122,14,6
122,15,7
122,5,6
122,7,4
122,29,3
122,12,4
122,21,3
122,47,2
122,11,1
122,47,3
122,23,5
122,44,6
122,40,1
122,42,1
122,11,8
122,21,6
122,27,6
122,19,10
122,18,5
122,13,10
122,9,8
122,45,7
122,37,5
122,32,9
122,41,5
122,29,8
122,48,7
122,21,7
122,32,4
122,39,1
122,44,8
122,28,9
122,28,9
122,50,10
122,3,2
122,42,3
123,28,5
123,2,2
123,16,5
123,2,5
123,25,2
123,4,3
123,21,1
123,30,8
123,40,3
123,28,2
123,5,9
123,20,3
123,39,4
123,6,5
123,19,7
123,22,5
123,5,6
123,16,9
123,46,3
123,16,9
123,36,4
123,14,8
123,48,4
123,1,2
123,26,1
123,34,7
123,28,4
123,33,3
123,23,6
123,39,8
123,48,8
123,42,4
123,44,4
123,16,5
123,33,1
123,36,7
123,29,6
123,26,7
123,29,7
123,42,6
123,31,2
123,26,6
123,46,8
123,16,5
123,40,5
123,50,7
123,30,7
123,32,3
123,14,9
123,28,5
123,35,4
123,17,7
123,9,5
123,40,4
123,27,5
123,35,10
123,8,1
123,11,8
123,48,4
123,23,6
123,1,9
123,29,7
123,11,6
123,38,5
124,50,4
124,13,10
124,45,6
124,50,7
124,46,7
124,23,3
124,3,3
124,14,2
124,48,4
124,40,3
124,7,1
124,6,2
124,29,9
124,22,2
124,11,8
124,28,5
124,34,6
124,49,3
124,50,5
124,8,1
124,43,5
124,19,4
124,12,10
124,31,3
124,4,3
125,10,10
125,50,3
125,20,6
125,37,8
125,34,10
125,41,10
125,8,3
125,14,4
125,13,10
125,3,2
125,41,10
125,44,5
125,2,1
125,20,5
125,41,10
125,19,1
125,36,8
125,22,7
125,24,1
125,24,5
125,44,2
125,29,7
125,13,6
125,41,10
125,34,10
125,34,4
125,7,6
125,8,7
125,48,1
125,26,7
125,9,5
125,36,9
125,48,5
125,10,2
125,10,9
125,32,5
125,39,7
125,7,6
125,43,4
125,6,7
125,13,7
125,30,8
125,1,4
125,30,6
125,4,1
125,12,4
125,22,2
125,18,4
125,50,9
125,46,5
125,43,3
125,49,8
125,23,4
125,12,3
125,25,3
125,48,8
125,27,7
125,8,4
125,30,5
125,22,1
125,10,3
126,7,13
126,43,2
126,38,21
126,44,25
126,12,16
126,45,5
126,42,25
126,16,5
126,44,18
126,35,19
126,17,5
126,20,2
126,40,16
126,34,15
126,15,1
126,10,2
126,40,17
126,9,11
127,29,17
127,10,19
127,2,18
127,37,25
127,11,9
127,6,12
127,5,7
127,19,10
127,37,19
127,41,19
127,40,25
127,23,23
127,24,19
127,50,3
127,25,23
127,3,6
127,5,23
127,7,1
127,17,17
127,46,10
127,9,12
127,23,11
127,37,7
127,24,8
127,45,13
127,7,5
127,50,3
127,24,20
127,24,11
127,16,3
127,45,23
127,7,2
127,23,5
127,28,5
127,47,1
127,44,19
127,43,18
127,28,16
127,19,18
127,48,25
127,20,3
127,19,20
127,37,6
127,19,25
128,34,22
128,27,13
128,3,2
128,38,18
128,1,12
128,39,9
128,41,16
128,38,23
128,42,8
128,27,9
128,36,11
128,16,24
128,21,5
128,40,24
128,18,12
128,11,24
128,34,1
128,7,19
128,39,25
128,37,3
128,32,23
128,20,11
128,35,8
128,16,22
128,33,23
129,27,4
129,12,8
129,18,7
129,41,22
129,46,2
129,23,9
129,15,16
129,47,21
129,5,17
129,23,22
129,19,2
129,34,25
129,24,12
129,21,14
129,32,19
129,45,9
129,46,25
129,49,10
129,49,2
129,18,11
129,44,4
129,36,12
129,25,15
129,25,11
129,40,18
129,40,19
129,12,9
129,14,21
129,36,24
129,46,9
129,13,18
130,23,9
130,3,3
130,36,5
130,27,8
130,5,18
130,16,3
130,6,1
130,48,20
130,49,12
130,2,21
130,2,24
130,48,8
130,11,22
130,24,24
130,3,12
130,29,2
130,5,25
130,4,3
130,35,10
130,42,3
130,38,11
130,44,13
130,49,7
130,18,4
130,46,1
130,30,14
130,39,20
130,2,13
130,22,23
130,14,17
130,50,6
130,49,3
130,13,16
130,44,18
130,3,16
130,29,13
130,44,2
130,40,10
130,32,20
130,2,9
130,49,16
130,29,11
130,49,20
130,46,22
130,15,22
130,43,8
130,18,13
130,6,24
130,47,19
130,34,25
130,1,8
130,44,12
130,33,18
130,7,6
130,43,8
130,32,19
130,5,20
130,27,12
130,37,12
130,46,4
130,26,23
130,13,17
130,34,16
130,41,17
130,16,7
130,4,12
130,3,20
130,25,8
130,42,25
131,6,46
131,25,48
131,9,24
131,46,35
131,42,6
131,5,41
131,28,16
131,34,6
131,28,17
131,13,32
131,23,36
131,42,48
131,29,7
131,46,37
131,8,31
131,9,40
131,5,2
131,47,9
132,19,6
132,9,49
132,12,48
132,40,4
132,12,7
132,41,16
132,27,8
132,36,28
132,47,45
132,27,3
132,22,14
132,43,49
132,9,40
132,39,49
132,22,45
132,48,41
132,50,40
132,19,19
132,22,4
132,32,30
132,27,4
132,22,28
132,17,10
132,38,7
132,37,41
132,14,48
132,11,28
132,3,13
132,10,43
132,4,5
132,22,1
132,46,20
132,45,12
132,24,32
132,9,19
132,34,20
132,3,9
132,28,42
132,36,32
132,24,38
132,2,11
132,48,19
132,30,21
132,27,19
132,11,27
132,10,16
132,17,34
133,43,46
133,48,40
133,13,23
133,12,28
133,16,14
133,9,1
133,15,35
133,16,45
133,18,1
133,4,3
133,5,47
133,8,2
133,46,50
133,37,6
133,13,41
133,22,24
133,11,28
133,42,22
133,26,1
133,11,9
133,34,8
133,22,5
134,33,22
134,45,3
134,25,45
134,20,27
134,47,34
134,26,31
134,50,14
134,35,38
134,9,40
134,47,26
134,6,11
134,25,23
134,16,18
134,14,4
134,28,31
134,17,1
134,48,32
134,45,26
134,25,12
134,46,32
134,26,7
134,15,8
134,30,2
134,3,20
134,44,29
134,13,24
134,14,36
134,13,6
134,39,43
134,39,41
134,25,31
134,44,23
134,19,22
134,15,38
134,4,44
134,22,9
134,29,31
134,20,19
134,5,19
134,15,50
134,14,9
134,42,14
134,40,34
134,26,22
134,26,12
134,30,10
134,2,25
134,48,49
134,45,18
134,29,16
134,24,10
134,35,6
134,37,31
134,40,41
134,17,29
134,46,19
134,31,39
134,30,12
134,13,3
134,11,17
134,32,40
134,29,5
134,31,12
134,22,40
134,31,19
134,16,28
134,17,34
134,46,43
134,6,49
134,16,6
134,17,29
134,48,14
134,15,32
134,22,14
134,46,27
134,49,40
134,45,47
134,4,34
134,47,19
134,35,1
134,43,43
134,31,34
134,24,22
134,2,31
134,20,37
134,44,39
135,8,25
135,22,41
135,11,47
135,42,27
135,1,17
135,5,46
135,19,3
135,18,1
135,21,2
135,1,40
135,30,29
135,31,13
135,7,48
135,11,23
135,8,28
135,46,16
135,42,39
135,29,18
135,39,7
135,21,39
135,35,43
135,2,13
135,1,14
135,11,32
135,19,8
135,12,39
135,37,5
135,17,27
135,4,35
135,15,38
135,24,31
135,24,3
135,20,4
135,19,36
135,25,16
135,36,29
135,11,32
135,22,13
135,34,50
135,1,40
135,50,16
135,6,27
